

<beans xmlns="http://www.springframework.org/schema/beans"
	xmlns:amq="http://activemq.apache.org/schema/core" xmlns:xsi="http://www.w3.org/2001/XMLSchema-instance"
	xsi:schemaLocation="http://www.springframework.org/schema/beans http://www.springframework.org/schema/beans/spring-beans-2.0.xsd
  http://activemq.apache.org/schema/core http://activemq.apache.org/schema/core/activemq-core.xsd  http://cxf.apache.org/jaxrs http://cxf.apache.org/schemas/jaxrs.xsd"
	xmlns:jaxrs="http://cxf.apache.org/jaxrs" xmlns:p="http://www.springframework.org/schema/p">
	<bean
		class="org.springframework.beans.factory.config.PropertyPlaceholderConfigurer">
		<property name="location">
			<value>amq_2.properties</value>
		</property>
	</bean>

	<broker xmlns="http://activemq.apache.org/schema/core" brokerId="brokerA"
		brokerName="brokerA">
		<networkConnectors>
			<networkConnector name="linkToBrokerB" uri="${application.remoteuri}"
				networkTTL="3" />
		</networkConnectors>

		<transportConnectors>
			<transportConnector name="openwire" uri="${application.localuri}" />
		</transportConnectors>
	</broker>

	<!-- ActiveMQ destinations to use -->
	<bean id="destination" class="org.apache.activemq.command.ActiveMQTopic">

		<constructor-arg value="topic1" />

	</bean>

	<!-- <bean id="jmsConfactory" class="org.springframework.jms.connection.SingleConnectionFactory"> -->
	<!-- <property name="targetConnectionFactory"> -->
	<!-- <ref local="jmsFactory" /> -->
	<!-- </property> -->
	<!-- </bean> -->
	<bean id="ConnectionFactory" class="org.apache.activemq.ActiveMQConnectionFactory">
		<property name="brokerURL" value="${application.localuri}" />
	</bean>

	<!-- Spring JMS Template -->
	<bean id="myJmsTemplate" class="org.springframework.jms.core.JmsTemplate">
		<property name="connectionFactory" ref="ConnectionFactory" />
		<property name="defaultDestination" ref="destination" />
	</bean>

	<bean id="consumerJmsTemplate" class="org.springframework.jms.core.JmsTemplate">
		<property name="connectionFactory" ref="ConnectionFactory" />
		<property name="defaultDestination" ref="destination" />
	</bean>
	<bean id="producer"
		class=" de.gridsolut.springboot.test.util.SimpleMessageProducer" />

	<bean id="jmsConfig" class="org.apache.cxf.transport.jms.JMSConfiguration"
		p:connectionFactory-ref="ConnectionFactory" p:concurrentConsumers="16"
		p:targetDestination="destination" />


	<!-- <jaxrs:server id="http" serviceName="httpService" -->
	<!-- address="/"> -->
	<!-- <jaxrs:serviceBeans> -->
	<!-- <bean class="de.gridsolut.springboot.test.service.Hello" /> -->
	<!-- </jaxrs:serviceBeans> -->
	<!-- </jaxrs:server> -->

	<jaxrs:server xmlns:s="http://books.com" serviceName="ss"
		address="jms:topic:topic1" id="jms-server">
		<jaxrs:serviceBeans>
			<bean class="de.gridsolut.springboot.test.service.Hello" />
		</jaxrs:serviceBeans>
	</jaxrs:server>
</beans>