

<beans xmlns="http://www.springframework.org/schema/beans"
	xmlns:amq="http://activemq.apache.org/schema/core" xmlns:xsi="http://www.w3.org/2001/XMLSchema-instance"
	xsi:schemaLocation="http://www.springframework.org/schema/beans http://www.springframework.org/schema/beans/spring-beans-2.0.xsd
  http://activemq.apache.org/schema/core http://activemq.apache.org/schema/core/activemq-core.xsd  http://cxf.apache.org/jaxrs http://cxf.apache.org/schemas/jaxrs.xsd"
	xmlns:jaxrs="http://cxf.apache.org/jaxrs" xmlns:p="http://www.springframework.org/schema/p">
<!-- 	<bean -->
<!-- 		class="org.springframework.beans.factory.config.PropertyPlaceholderConfigurer"> -->
<!-- 		<property name="location"> -->
<!-- 			<value>classpath:amq_1.properties</value> -->
<!-- 		</property> -->
<!-- 	</bean> -->

	<bean id="mysql-ds" class="org.apache.commons.dbcp.BasicDataSource"
		destroy-method="close">
		<property name="driverClassName" value="com.mysql.jdbc.Driver" />
		<property name="url"
			value="jdbc:mysql://localhost/activemq?relaxAutoCommit=true" />
		<property name="username" value="root" />
		<property name="password" value="naresh" />
		<property name="poolPreparedStatements" value="true" />
	</bean>

	<broker xmlns="http://activemq.apache.org/schema/core" brokerId="${application.brokerID}"
		brokerName="${application.brokerID}">
		<networkConnectors>
			<networkConnector name="linkToBrokerB" uri="${application.remoteuri}"
				networkTTL="3" />
		</networkConnectors>
<!-- 		<persistenceAdapter> -->

<!-- 			<jdbcPersistenceAdapter dataDirectory="activemq-data" -->
<!-- 				dataSource="#mysql-ds" /> -->
<!-- 		</persistenceAdapter> -->
		<transportConnectors>
			<transportConnector name="openwire" uri="${application.localuri}" />
		</transportConnectors>
	</broker>

	<bean id="destination" class="org.apache.activemq.command.ActiveMQTopic">

		<constructor-arg value="topic1" />

	</bean>

	<bean id="ConnectionFactory" class="org.apache.activemq.ActiveMQConnectionFactory">
		<property name="brokerURL" value="${application.localuri}" />
	</bean>

	<bean id="myJmsTemplate" class="org.springframework.jms.core.JmsTemplate">
		<property name="connectionFactory" ref="ConnectionFactory" />
		<property name="defaultDestination" ref="destination" />
	</bean>

	<bean id="consumerJmsTemplate" class="org.springframework.jms.core.JmsTemplate">
		<property name="connectionFactory" ref="ConnectionFactory" />
		<property name="defaultDestination" ref="destination" />
	</bean>
	<bean id="producer" class="omni.activemq.util.SimpleMessageProducer" />

	<bean id="jmsConfig" class="org.apache.cxf.transport.jms.JMSConfiguration"
		p:connectionFactory-ref="ConnectionFactory" p:concurrentConsumers="16"
		p:targetDestination="destination" />


	<jaxrs:server id="http" serviceName="httpService" address="/services">
		<jaxrs:serviceBeans>
			<bean class="omni.activemq.service.JMSService" />
		</jaxrs:serviceBeans>
	</jaxrs:server>
	<bean id="jsonProvider" class="org.codehaus.jackson.jaxrs.JacksonJsonProvider" />
	
	<jaxrs:server xmlns:s="http://books.com" serviceName="ss"
		address="jms:topic:topic1" id="jms-server">
		<jaxrs:serviceBeans>
			<bean class="omni.activemq.service.JMSService" />
		</jaxrs:serviceBeans>
		<jaxrs:providers>
			<ref bean="jsonProvider" />
		</jaxrs:providers>
	</jaxrs:server>
</beans>