

<beans xmlns="http://www.springframework.org/schema/beans"
	xmlns:amq="http://activemq.apache.org/schema/core" xmlns:xsi="http://www.w3.org/2001/XMLSchema-instance"
	xsi:schemaLocation="http://www.springframework.org/schema/beans http://www.springframework.org/schema/beans/spring-beans-2.0.xsd
  http://activemq.apache.org/schema/core http://activemq.apache.org/schema/core/activemq-core.xsd  http://cxf.apache.org/jaxrs http://cxf.apache.org/schemas/jaxrs.xsd"
	xmlns:jaxrs="http://cxf.apache.org/jaxrs" xmlns:p="http://www.springframework.org/schema/p">

	<!-- lets create an embedded ActiveMQ Broker -->
	<amq:broker useJmx="false" persistent="false">
		<amq:transportConnectors>
			<amq:transportConnector uri="tcp://localhost:0" />
		</amq:transportConnectors>
	</amq:broker>

	<!-- ActiveMQ destinations to use -->
	<bean id="destination" class="org.apache.activemq.command.ActiveMQQueue">

		<constructor-arg value="OMNI.TEST" />

	</bean>

	<!-- JMS ConnectionFactory to use, configuring the embedded broker using 
		XML -->
	<amq:connectionFactory id="jmsFactory" brokerURL="vm://localhost" />

	<!-- <bean id="jmsConfactory" class="org.springframework.jms.connection.SingleConnectionFactory"> -->
	<!-- <property name="targetConnectionFactory"> -->
	<!-- <ref local="jmsFactory" /> -->
	<!-- </property> -->
	<!-- </bean> -->


	<!-- Spring JMS Template -->
	<bean id="myJmsTemplate" class="org.springframework.jms.core.JmsTemplate">
		<property name="connectionFactory" ref="jmsFactory" />
		<property name="defaultDestination" ref="destination" />
	</bean>

	<bean id="consumerJmsTemplate" class="org.springframework.jms.core.JmsTemplate">
		<property name="connectionFactory" ref="jmsFactory" />
		<property name="defaultDestination" ref="destination" />
	</bean>
	<bean id="producer"
		class=" de.gridsolut.springboot.test.util.SimpleMessageProducer" />

	<bean id="jmsConfig" class="org.apache.cxf.transport.jms.JMSConfiguration"
		p:connectionFactory-ref="jmsFactory" p:concurrentConsumers="16"
		p:targetDestination="destination" />


	<jaxrs:server id="jmsJAXRS" serviceName="jmsSBean"
		transportId="http://cxf.apache.org/transports/jms" address="/">
		<jaxrs:serviceBeans>
			<bean class="de.gridsolut.springboot.test.service.Hello" />
		</jaxrs:serviceBeans>
		<jaxrs:features>
			<bean class="org.apache.cxf.transport.jms.JMSConfigFeature"
				p:jmsConfig-ref="jmsConfig" />
		</jaxrs:features>
	</jaxrs:server>
</beans>